Nombre,Edad,Dirección,País,Documento,Fecha Alta,Correo Electrónico,Trabajo
Mario Olmedo Hurtado,49,Plaza Tomás Amat 83,Mauricio,5733124,18/02/2011,nevadoraquel@mir-miguel.com,Marketing executive
Asunción Ropero Landa,6,Camino de Ángel Morell 41 Puerta 9 ,Liberia,16432378,23/04/2016,juan00@yanez.com,Industrial/product designer
Juana Amigó-Expósito,11,Vial Daniel Núñez 9 Apt. 12 ,España,44599758,22/02/2014,fpeinado@figuerola-pages.com,"Psychologist, occupational"
Marta Berenguer Montesinos,13,Vial de Felix Sanmiguel 9,Yemen,98520418,20/02/2012,mercedescases@vera.org,Forensic psychologist
Gabriel Herranz Rincón,30,Vial Marina Pinedo 93,Uzbekistán,79713533,23/09/2017,andradenoelia@cozar.info,"Engineer, materials"
Emilio Maldonado Pomares,12,Callejón de Raul Cortes 29 Apt. 91 ,Mozambique,35519930,30/03/2015,bermudezluisa@mariscal.biz,Archivist
Gema del Gonzalo,55,Ronda de Rafael Vaquero 76,Botswana,2773376,25/04/2017,dmari@llorens.com,Clinical psychologist
Felipe Fortuny Martín,101,Alameda de Susana Domingo 11,Guinea Ecuatorial,19992070,04/10/2017,nginer@pinilla.info,Media buyer
Jose Francisco Sureda Llanos,83,Avenida de Felipe Sosa 7 Piso 3 ,Ucrania,62994858,04/11/2010,esperanzaespinosa@dieguez.biz,Financial manager
Susana Miralles Soler,48,Acceso Alex Guijarro 442,Tailandia,53612939,29/06/2012,rcaparros@roig.net,Curator
Juan Francisco Armas Macías,90,Acceso de Teresa Bueno 64,Saint Kitts y Nevis,45673304,07/01/2012,angel13@nicolau-reina.com,"Surveyor, commercial/residential"
Joan Sastre Cabello,67,Pasadizo de Tomás Serra 91 Piso 2 ,Swazilandia,72030016,28/04/2013,dolores40@carranza-larrea.biz,Radiation protection practitioner
Teresa Moreno Baquero,98,Alameda Nieves Moreno 35,Líbano,68443010,23/10/2012,adadiasara@rosa-lumbreras.com,"Physicist, medical"
Jose Francisco Cerezo Ramos,18,Glorieta Jose Angel Correa 65 Apt. 56 ,Finlandia,13847706,15/02/2018,ramisjuan-antonio@sosa-catala.com,Banker
Juan Carlos Marc Alegre Baena,56,Paseo de Paula Morell 99,Argentina,98578589,29/07/2010,lorenzoromero@gimenez.com,Clinical cytogeneticist
Elisa Rocamora Agustí,108,Callejón de Victor Manuel Saldaña 93 Piso 4 ,Ecuador,72599916,20/08/2017,tovarjaime@urrutia-suarez.com,Learning disability nurse
Alvaro Baeza Segovia,39,Acceso de Mónica Cañete 521,Bulgaria,96286226,03/10/2014,nereafarre@carbajo-goicoechea.org,"Scientist, research (life sciences)"
Concepción Rebollo Torralba,76,Paseo Raquel Palomino 4,Guinea Ecuatorial,49486953,27/12/2012,luzperera@donoso-pombo.com,Holiday representative
Roberto Salvà,89,Vial Jorge Cantón 7 Piso 5 ,Togo,55349553,18/10/2017,mercedesripoll@castillo-velasco.com,Dietitian
Ignacio Domingo Vigil Valderrama,70,Pasadizo Victor Malo 71,Francia,42553369,26/01/2013,purificacionbejarano@carpio.info,Solicitor
Adriana Delgado Meléndez,18,Urbanización de Carolina Cañete 18 Piso 6 ,Bulgaria,29367134,21/07/2014,gluz@costa.org,Sub
Eugenia Irene Vera Sarabia,54,Acceso de Juan Estevez 73 Piso 1 ,Finlandia,44476369,01/11/2012,epalomar@barba.com,Fast food restaurant manager
Raul Manrique Farré,108,Cañada de Susana Expósito 94 Puerta 8 ,Estados Unidos de América,46613892,03/11/2012,rpalacio@serna.com,Printmaker
Jaime Canals Rosa,74,Pasadizo de Angela Rivera 797,Costa Rica,62942326,30/11/2012,juana97@barbera.com,Brewing technologist
Vicenta Ponce Cortina,109,Alameda Alba Pavón 44,Comoras,24320742,08/05/2013,rosa89@milla.com,Magazine journalist
Rocio Francisca Mascaró Mir,81,Urbanización Cesar Leon 94 Piso 5 ,Sierra Leona,90155350,05/03/2010,garridolidia@llado-hierro.biz,"Conservator, museum/gallery"
Alex Alcázar,25,Glorieta de Mariano Planas 66 Apt. 78 ,Marruecos,42766130,27/01/2011,osarabia@jodar-andres.com,Civil Service fast streamer
Begoña Serrano Roselló,3,Urbanización de Miriam Carrera 74,Comoras,35748207,15/08/2016,carrenojuan-antonio@ricart-gomis.com,Operations geologist
Alba Oliveras Cuéllar,79,Camino de Francisco Mascaró 41 Apt. 46 ,Togo,9581767,25/08/2017,juan-joseespejo@alegre.info,Clothing/textile technologist
Julian Ordóñez Rivas,37,Avenida de Andrea Borrego 7 Piso 1 ,Seychelles,85227232,30/03/2010,roblesagustin@chamorro.com,Fine artist
Emilia Serna Canet,58,Plaza Celia Español 6,Andorra,84854669,30/03/2011,miriam32@galan.com,Armed forces logistics/support/administrative officer
Daniel Comas Pedrosa,6,Glorieta Miriam Duque 86 Apt. 23 ,Nueva Zelandia,47183456,23/07/2011,hcalatayud@espanol.net,Hydrologist
Fátima Roma Cifuentes,95,Urbanización Juan Francisco Carro 27,Antigua y Barbuda,5547989,20/07/2012,jaime17@arranz.net,Records manager
Sofia Zabaleta-Narváez,14,Calle de Jose Miguel Oliveras 2,Maldivas,2079245,06/12/2018,dnavarro@villalonga-acedo.biz,"Administrator, sports"
Roberto Benavente Ugarte,7,Via de Cesar Galán 58 Apt. 91 ,Islas Marshall,83894527,04/05/2013,dblanes@somoza.net,Company secretary
Eugenia Medina-Ponce,78,Via de Sara Ríos 686 Apt. 83 ,Micronesia,2355247,13/01/2015,canalsvictoria@blasco.com,Occupational psychologist
Remedios Carreño Izquierdo,61,Calle Milagros Barroso 44,Brasil,86228540,22/10/2013,moraleslourdes@atienza.net,"Runner, broadcasting/film/video"
Adriana Cornejo Falcó,92,Urbanización de Lucía Bárcena 8 Piso 1 ,Argelia,73671474,01/01/2014,fboix@girona-bas.com,Medical sales representative
Alba Aragonés Castilla,92,Vial Juan Antonio Cózar 33 Puerta 6 ,Chad,40689341,12/07/2010,wferrandez@baeza.biz,"Programme researcher, broadcasting/film/video"
Esther Pol Castejón,104,Plaza Alejandra Palau 50,Trinidad y Tabago,76247267,03/07/2016,codinagabriel@cespedes.org,Higher education careers adviser
Jose Manuel del Antón,76,Vial de Raquel Montalbán 58,Santo Tomé y Príncipe,39822183,22/12/2015,jose-carlosbaez@carreras-roma.com,IT sales professional
Catalina Garay Canet,41,Alameda Gregorio Vigil 7,Uganda,57325794,14/02/2013,verducristian@cervantes.com,"Nurse, adult"
Victor Carlos Alemany,12,Pasadizo de Nieves Linares 18 Piso 8 ,República Dominicana,18686591,12/06/2010,eibarra@hoz.com,Interior and spatial designer
Eva Irene Luque Amigó,76,Pasaje de Josep Casanovas 96 Puerta 7 ,Filipinas,58384985,28/02/2019,wmillan@diego.org,Marine scientist
Jose Luis Cañellas Fortuny,75,Pasaje Raquel Casanovas 131,Australia,34724526,19/01/2011,barrenasantiago@tirado-batlle.org,Art therapist
Magdalena Acevedo Benavent,40,Pasadizo Luz Moraleda 365,Iraq,10842252,17/08/2012,raquelortega@murcia-mate.com,Nutritional therapist
Mireia Armas Marti,90,Paseo Esther Domingo 49,Suriname,86279435,26/11/2017,nerea42@pino.info,Environmental consultant
Carolina de Arranz,14,C. David Ramón 24 Apt. 55 ,Palau,52192761,11/06/2014,juriarte@lorenzo-mugica.info,Clinical research associate
Belen Prada Salinas,93,Acceso de Hector Ríos 685,Bulgaria,29181159,02/10/2010,xbusquets@roldan.com,Health and safety inspector
Manuela Fonseca Ferrández,51,Camino de Salvador Toro 72,Djibouti,83480408,16/10/2011,zapatafelipe@lobato.info,"Scientist, biomedical"
Lorenzo Cuevas Pareja,96,Ronda Mohamed Fortuny 5,Seychelles,34453342,25/06/2016,portapaula@agullo.net,Magazine features editor
Laura Aliaga Abril,68,Pasadizo Ismael Galván 7,Samoa,98096394,09/07/2018,ivancanas@cervantes.com,Print production planner
Alvaro Barceló,5,Via Jorge Francisco 7,Togo,45284162,01/02/2017,felipebru@gisbert.biz,"Horticulturist, commercial"
Cesar Cortes Cárdenas,14,Ronda de Alberto Bernal 34,Etiopía,23527442,02/08/2019,raquel43@vigil-oliveras.com,Primary school teacher
Ruben Novoa,96,C. de Andrea Ribes 30,Nueva Zelandia,10136274,12/12/2018,ntello@rodriguez.com,Dealer
Jose Francisco Ojeda Manso,49,Glorieta Gloria Gallo 665 Piso 3 ,República Unida de Tanzanía,60612051,10/03/2016,sergioarnau@ibanez-carbonell.net,Curator
Jose Maria Bayón Collado,106,Pasadizo de Victor Manuel Cerro 29 Apt. 24 ,Turkmenistán,40223491,04/03/2018,pilarpineiro@villegas.com,Glass blower/designer
Francisco Nicolás Herrero Jaume,75,Glorieta de Xavier Plaza 67,Costa Rica,44037768,10/06/2010,cesar84@noguera-roda.biz,"Programmer, systems"
Lucía Vega Vilaplana,2,Ronda de Gonzalo Guijarro 78 Piso 5 ,Sudán,69918897,28/12/2015,aguilojuan-antonio@gaya.biz,Early years teacher
Gloria Tamayo-Arroyo,109,Vial Miguel Pagès 30 Piso 7 ,Uganda,73344985,07/09/2012,dborrego@marcos.com,"Psychologist, prison and probation services"
Catalina Ferrera-Bou,73,Pasadizo de Laura Montero 93,Côte d'Ivoire,64035680,14/09/2016,zmarin@barragan.com,Haematologist
Vicenta del Agustí,39,Camino Jose Angel Gimenez 60 Puerta 5 ,Costa Rica,17254059,26/04/2017,josepcarrillo@gordillo.com,Writer
Concepción Pina Real,21,Cuesta de Samuel Tejera 670,Camerún,29913407,16/02/2012,llopisamparo@mulet-ferran.com,Exhibition designer
Alejandro Páez Arnau,87,Plaza Margarita Sevillano 41 Puerta 2 ,Belarús,90020229,13/03/2014,morantetomas@carrasco.org,Local government officer
Victor Vargas Costa,105,Cuesta de Yolanda Tudela 532 Apt. 59 ,Italia,60511076,21/05/2012,nadalsantiago@lucas.net,Forest/woodland manager
Lourdes Castrillo Barco,53,Urbanización de Olga Seguí 94,Santa Lucía,81803097,30/04/2016,figlesia@frutos.com,Dancer
Rodrigo Alcántara Lamas,77,Avenida Ivan Arteaga 157 Apt. 13 ,Granada,47935841,30/07/2012,ocuevas@garate.com,"Scientist, water quality"
Nerea Garriga-Cornejo,36,Pasaje de María Pujol 29 Puerta 9 ,Albania,43615609,30/10/2013,joaquin61@castrillo.com,Learning mentor
Fernando Lopez Iriarte,18,C. Alfonso Rincón 789 Piso 2 ,Rwanda,25388575,26/09/2011,idominguez@hoyos-jover.com,"Psychologist, occupational"
Gema del Rius,87,Pasaje Daniel Moliner 70,Alemania,20831125,15/11/2012,andrea56@monreal.info,Cartographer
Pedro Pedraza Macías,48,Acceso de Luis Miguel Trillo 75,Myanmar,15271222,20/10/2010,luisgrande@andreu.com,"Surveyor, land/geomatics"
Belen de Royo,51,Urbanización de Luz Vara 619 Piso 8 ,Micronesia,31451480,10/07/2011,sanjuanbelen@borja-tomas.com,Aeronautical engineer
Gloria Garmendia Royo,103,Ronda Samuel Robles 17,Botswana,27810740,15/06/2019,corominaseva@alcolea.com,Herbalist
Nieves de Lorenzo,53,Via Gabriel Juárez 1,Senegal,16961621,13/05/2016,cozarraul@viana.com,Prison officer
Lucía Simó Gutiérrez,109,Cuesta de Blanca Roda 8 Apt. 97 ,Fiji,36682395,16/02/2010,klinares@cerdan-tamayo.com,Chiropodist
Mónica Badía Gabaldón,71,Via Rocio Lopez 28 Apt. 25 ,Tuvalu,75937787,29/03/2018,juan-luisberrocal@frias.com,Petroleum engineer
Luís Marqués-Cerdá,91,Urbanización Martin Solsona 98 Puerta 1 ,Dominicana,21954511,19/11/2018,belen34@pomares.info,"Civil engineer, consulting"
Ivan Olmo Quevedo,34,Avenida de Noelia Infante 27,Libia,71297415,29/06/2011,sergio96@menendez.com,Consulting civil engineer
Jaime Farré Serna,80,Glorieta de Ismael Marin 724,Argentina,44997293,01/03/2016,emiliagimenez@vaquero-escalona.com,"Embryologist, clinical"
Felix Taboada Gisbert,93,Ronda de Anna Pedrosa 14 Puerta 1 ,Letonia,53335983,25/08/2019,upavon@zaragoza-aguilar.biz,Social researcher
Raul Rosado Báez,69,Plaza Óscar Dávila 35,Colombia,55514267,30/07/2016,azapata@ochoa.com,Merchant navy officer
Pedro de Duran,88,Calle de Raul Zabala 94 Apt. 72 ,Bahrein,18310647,11/11/2017,salinasaurora@abella.com,Banker
Samuel de Valverde,110,Pasaje de Ines Ferrando 52 Piso 5 ,Colombia,17790678,16/10/2010,ralcazar@melero.com,"Therapist, speech and language"
Jose Maria Querol-Barriga,66,Pasadizo de Adriana Barriga 934 Piso 6 ,Malta,19794626,15/07/2019,batallavictoria@uribe.info,Brewing technologist
Esther Mar Hurtado Reig,50,C. Rocio Lozano 5,Myanmar,44898385,05/12/2014,trinidaduribe@torralba.info,Proofreader
Raquel Olivé Amo,41,Cañada de Santiago Crespo 960,Nicaragua,37683235,31/08/2012,clago@canales.com,Customer service manager
Juan Carlos Hernández Riera,13,Pasaje Manuel Hernández 8,San Vicente y las Granadinas,20644871,19/11/2015,eduardoropero@alamo-colom.net,Ergonomist
Jordi Castrillo Casal,86,Ronda Verónica Lobo 52 Puerta 3 ,Namibia,22421633,19/07/2011,oliverajose@olmo-escobar.com,Chief Financial Officer
Gloria Arrieta Samper,13,Ronda Eva Conesa 92,Qatar,77320909,26/01/2014,jesusporta@solsona-reguera.com,Rural practice surveyor
Nicolás Santamaría Román,79,Alameda de Santiago Andres 58,El Salvador,20937962,08/04/2017,bruluis-miguel@arce-cabanillas.biz,Arts administrator
Miguel Ángel Valbuena Aznar,44,Paseo Julio Jimenez 24,Uzbekistán,30931091,22/07/2012,adanfatima@alberto.com,Multimedia programmer
Pedro Larrea Morera,94,Rambla de Jose Francisco Cervantes 97,Irlanda,78688516,11/09/2016,pedrobalaguer@villegas.com,Retail manager
Dolores Montesinos-Vaquero,93,Pasaje de Anna Amo 91,Malta,10663959,22/10/2015,ytaboada@porras.com,Private music teacher
Cesar Carro,89,Via de Salvador Codina 31 Apt. 54 ,Guinea Ecuatorial,44574240,08/04/2014,hector48@varela-madrigal.com,Aid worker
Elena Redondo-Infante,29,Pasadizo Martin Bustos 19,Camboya,96117915,21/06/2012,cortesnuria@flores-cerezo.com,"Engineer, petroleum"
Purificación Fuertes Polo,25,Avenida Hector Serra 556,Nueva Zelandia,88747305,19/12/2012,dvalero@valdes.com,Diplomatic Services operational officer
Pablo Sebastian Vicens Paniagua,100,Pasadizo Joan Roldán 8 Piso 2 ,Lituania,56356170,08/08/2014,usolis@velazquez-anton.net,"Scientist, research (physical sciences)"
Juan Luis Crespo Montaña,20,Acceso de Alejandro Peña 96 Apt. 90 ,Eslovenia,94766989,01/05/2016,gema91@pineiro-olive.com,Community development worker
Ignacio Pedrosa Moreno,49,Pasaje de Carla Jódar 936,Finlandia,49743291,11/03/2010,francisco-javier29@cabrero.biz,Orthoptist
Mercedes Berenguer Mesa,82,Alameda David Conde 60,Sierra Leona,64623365,16/06/2011,lopezconcepcion@rebollo-heras.info,Financial controller
